ts	phase	decision	why	evidence	result
2026-09-28T20:25:52Z	frame	Scoped the pass to reproducible defects and reader-load cleanup across 86 tracked app, extension, and script source files	A whole-codebase rewrite is not a reviewable behavior-preserving refactor	git ls-files; gh issue list --state open	No open GitHub issues; audit found search races, a missing extension host permission, and one unused API module
2026-09-28T20:25:52Z	baseline	Installed both lockfiles and ran scripts/ci-local.sh before edits	The first run had no installed packages, so it could not assess source health	scripts/ci-local.sh; npm ci in both packages	Baseline passes 66 tests and both builds; extension entry chunk warns at 565.49 KB
2026-09-28T20:25:52Z	plan	Reproduce and pin each confirmed issue, apply the smallest fix, run its check, then run full CI before PR review and merge	Separate verification makes each change easy to assess	AGENTS.md request; efficient-implementation-plans	Awaiting regression pins and implementation
2026-09-28T20:25:52Z	reproduction	Could not connect to Chrome or the in-app browser from this session	The required UI tools reported no available browser and the local Chrome bridge failed to start	browser runtime; computer-use bridge	UI reproduction unavailable; continue with automated tests and manifest validation
2026-09-28T21:23:40Z	regression pins	Added failing tests for stale site suggestions, out-of-order extension results, and the missing API host permission	Each reproduced the current defect before its fix	unt-grade-distribution/src/components/SearchBar.test.tsx; extension/src/hooks/useSearch.test.tsx; extension/src/manifest.test.js	All three failed on the baseline
2026-09-28T21:23:40Z	fixes	Invalidated stale search responses, declared the production API host, deleted the unused extension API module, and lazy-loaded detail screens	These changes address reproduced failures, remove an orphan module, and keep Recharts off the initial sidepanel load	SearchBar.tsx; useSearch.ts; extension/manifest.json; extension/src/lib/api.ts; extension/src/sidepanel/App.tsx	Targeted tests pass; sidepanel entry fell from 565.49 KB to 204.27 KB and the build warning disappeared
2026-09-28T21:28:54Z	verification	Ran scripts/ci-local.sh after all source and generated asset changes	The repository gate covers script tests, app tests/build, extension tests/build	 scripts/ci-local.sh	69 test cases pass; both builds pass; git diff --check is clean
2026-09-28T21:28:54Z	audit	Recorded the exact CI evidence path for the verification row	The preceding evidence cell had a leading space	scripts/ci-local.sh	Correction only; CI remains green
2026-09-28T21:36:27Z	deslop	Removed narration and privacy comments; added a UI test for the private search-log payload and route reset	The test now holds the privacy behavior; the route effect is required because the shared navbar search persists across route changes	unt-grade-distribution/src/components/SearchBar.test.tsx; unt-grade-distribution/src/components/SearchBar.tsx	Only the route-reset suppression remains, covered by the route-transition test
2026-09-28T21:36:27Z	verification	Reran the complete local CI gate after the final comment and test changes	The delivered commit needs fresh evidence after the final source edit	scripts/ci-local.sh	69 test cases pass; both builds pass; no extension chunk warning
